pdf_page_index,printed_page,page_label,mapping_basis
1,,Cover,chunk_001_structure
2,,i,frontmatter_sequence+chunk_001_anchors
3,,ii,frontmatter_sequence+chunk_001_anchors
4,,iii,frontmatter_sequence+chunk_001_anchors
5,,iv,frontmatter_sequence+chunk_001_anchors
6,,v,frontmatter_sequence+chunk_001_anchors
7,,vi,frontmatter_sequence+chunk_001_anchors
8,,vii,frontmatter_sequence+chunk_001_anchors
9,,viii,frontmatter_sequence+chunk_001_anchors
10,,ix,frontmatter_sequence+chunk_001_anchors
11,,x,frontmatter_sequence+chunk_001_anchors
12,,xi,frontmatter_sequence+chunk_001_anchors
13,,xii,frontmatter_sequence+chunk_001_anchors
14,,xiii,frontmatter_sequence+chunk_001_anchors
15,,xiv,frontmatter_sequence+chunk_001_anchors
16,,xv,frontmatter_sequence+chunk_001_anchors
17,,xvi,frontmatter_sequence+chunk_001_anchors
18,,xvii,frontmatter_sequence+chunk_001_anchors
19,,xviii,frontmatter_sequence+chunk_001_anchors
20,1,1,book_metadata.main_text_ranges
21,2,2,book_metadata.main_text_ranges
22,3,3,book_metadata.main_text_ranges
23,4,4,book_metadata.main_text_ranges
24,5,5,book_metadata.main_text_ranges
25,6,6,book_metadata.main_text_ranges
26,7,7,book_metadata.main_text_ranges
27,8,8,book_metadata.main_text_ranges
28,9,9,book_metadata.main_text_ranges
29,10,10,book_metadata.main_text_ranges
30,11,11,book_metadata.main_text_ranges
31,12,12,book_metadata.main_text_ranges
32,13,13,book_metadata.main_text_ranges
33,14,14,book_metadata.main_text_ranges
34,15,15,book_metadata.main_text_ranges
35,16,16,book_metadata.main_text_ranges
36,17,17,book_metadata.main_text_ranges
37,18,18,book_metadata.main_text_ranges
38,19,19,book_metadata.main_text_ranges
39,20,20,book_metadata.main_text_ranges
40,21,21,book_metadata.main_text_ranges
41,22,22,book_metadata.main_text_ranges
42,23,23,book_metadata.main_text_ranges
43,24,24,book_metadata.main_text_ranges
44,25,25,book_metadata.main_text_ranges
45,26,26,book_metadata.main_text_ranges
46,27,27,book_metadata.main_text_ranges
47,28,28,book_metadata.main_text_ranges
48,29,29,book_metadata.main_text_ranges
49,30,30,book_metadata.main_text_ranges
50,31,31,book_metadata.main_text_ranges
51,32,32,book_metadata.main_text_ranges
52,33,33,book_metadata.main_text_ranges
53,34,34,book_metadata.main_text_ranges
54,35,35,book_metadata.main_text_ranges
55,36,36,book_metadata.main_text_ranges
56,37,37,book_metadata.main_text_ranges
57,38,38,book_metadata.main_text_ranges
58,39,39,book_metadata.main_text_ranges
59,40,40,book_metadata.main_text_ranges
60,41,41,book_metadata.main_text_ranges
61,42,42,book_metadata.main_text_ranges
62,43,43,book_metadata.main_text_ranges
63,44,44,book_metadata.main_text_ranges
64,45,45,book_metadata.main_text_ranges
65,46,46,book_metadata.main_text_ranges
66,47,47,book_metadata.main_text_ranges
67,48,48,book_metadata.main_text_ranges
68,49,49,book_metadata.main_text_ranges
69,50,50,book_metadata.main_text_ranges
70,51,51,book_metadata.main_text_ranges
71,52,52,book_metadata.main_text_ranges
72,53,53,book_metadata.main_text_ranges
73,54,54,book_metadata.main_text_ranges
74,55,55,book_metadata.main_text_ranges
75,56,56,book_metadata.main_text_ranges
76,57,57,book_metadata.main_text_ranges
77,58,58,book_metadata.main_text_ranges
78,59,59,book_metadata.main_text_ranges
79,60,60,book_metadata.main_text_ranges
80,61,61,book_metadata.main_text_ranges
81,62,62,book_metadata.main_text_ranges
82,63,63,book_metadata.main_text_ranges
83,64,64,book_metadata.main_text_ranges
84,65,65,book_metadata.main_text_ranges
85,66,66,book_metadata.main_text_ranges
86,67,67,book_metadata.main_text_ranges
87,68,68,book_metadata.main_text_ranges
88,69,69,book_metadata.main_text_ranges
89,70,70,book_metadata.main_text_ranges
90,71,71,book_metadata.main_text_ranges
91,72,72,book_metadata.main_text_ranges
92,73,73,book_metadata.main_text_ranges
93,74,74,book_metadata.main_text_ranges
94,75,75,book_metadata.main_text_ranges
95,76,76,book_metadata.main_text_ranges
96,77,77,book_metadata.main_text_ranges
97,78,78,book_metadata.main_text_ranges
98,79,79,book_metadata.main_text_ranges
99,80,80,book_metadata.main_text_ranges
100,81,81,book_metadata.main_text_ranges
101,82,82,book_metadata.main_text_ranges
102,83,83,book_metadata.main_text_ranges
103,84,84,book_metadata.main_text_ranges
104,85,85,book_metadata.main_text_ranges
105,86,86,book_metadata.main_text_ranges
106,87,87,book_metadata.main_text_ranges
107,88,88,book_metadata.main_text_ranges
108,89,89,book_metadata.main_text_ranges
109,90,90,book_metadata.main_text_ranges
110,91,91,book_metadata.main_text_ranges
111,92,92,book_metadata.main_text_ranges
112,93,93,book_metadata.main_text_ranges
113,94,94,book_metadata.main_text_ranges
114,95,95,book_metadata.main_text_ranges
115,96,96,book_metadata.main_text_ranges
116,97,97,book_metadata.main_text_ranges
117,98,98,book_metadata.main_text_ranges
118,99,99,book_metadata.main_text_ranges
119,100,100,book_metadata.main_text_ranges
120,101,101,book_metadata.main_text_ranges
121,102,102,book_metadata.main_text_ranges
122,103,103,book_metadata.main_text_ranges
123,104,104,book_metadata.main_text_ranges
124,105,105,book_metadata.main_text_ranges
125,106,106,book_metadata.main_text_ranges
126,107,107,book_metadata.main_text_ranges
127,108,108,book_metadata.main_text_ranges
128,109,109,book_metadata.main_text_ranges
129,110,110,book_metadata.main_text_ranges
130,111,111,book_metadata.main_text_ranges
131,112,112,book_metadata.main_text_ranges
132,113,113,book_metadata.main_text_ranges
133,114,114,book_metadata.main_text_ranges
134,115,115,book_metadata.main_text_ranges
135,116,116,book_metadata.main_text_ranges
136,117,117,book_metadata.main_text_ranges
137,118,118,book_metadata.main_text_ranges
138,119,119,book_metadata.main_text_ranges
139,120,120,book_metadata.main_text_ranges
140,121,121,book_metadata.main_text_ranges
141,122,122,book_metadata.main_text_ranges
142,123,123,book_metadata.main_text_ranges
143,124,124,book_metadata.main_text_ranges
144,125,125,book_metadata.main_text_ranges
145,126,126,book_metadata.main_text_ranges
146,127,127,book_metadata.main_text_ranges
147,128,128,book_metadata.main_text_ranges
148,129,129,book_metadata.main_text_ranges
149,130,130,book_metadata.main_text_ranges
150,131,131,book_metadata.main_text_ranges
151,132,132,book_metadata.main_text_ranges
152,133,133,book_metadata.main_text_ranges
153,134,134,book_metadata.main_text_ranges
154,135,135,book_metadata.main_text_ranges
155,136,136,book_metadata.main_text_ranges
156,137,137,book_metadata.main_text_ranges
157,138,138,book_metadata.main_text_ranges
158,139,139,book_metadata.main_text_ranges
159,140,140,book_metadata.main_text_ranges
160,141,141,book_metadata.main_text_ranges
161,142,142,book_metadata.main_text_ranges
162,143,143,book_metadata.main_text_ranges
163,144,144,book_metadata.main_text_ranges
164,145,145,book_metadata.main_text_ranges
165,146,146,book_metadata.main_text_ranges
166,147,147,book_metadata.main_text_ranges
167,148,148,book_metadata.main_text_ranges
168,149,149,book_metadata.main_text_ranges
169,150,150,book_metadata.main_text_ranges
170,151,151,book_metadata.main_text_ranges
171,152,152,book_metadata.main_text_ranges
172,153,153,book_metadata.main_text_ranges
173,154,154,book_metadata.main_text_ranges
174,155,155,book_metadata.main_text_ranges
175,156,156,book_metadata.main_text_ranges
176,157,157,book_metadata.main_text_ranges
177,158,158,book_metadata.main_text_ranges
178,159,159,book_metadata.main_text_ranges
179,160,160,book_metadata.main_text_ranges
180,161,161,book_metadata.main_text_ranges
181,162,162,book_metadata.main_text_ranges
182,163,163,book_metadata.main_text_ranges
183,164,164,book_metadata.main_text_ranges
184,165,165,book_metadata.main_text_ranges
185,166,166,book_metadata.main_text_ranges
186,167,167,book_metadata.main_text_ranges
187,168,168,book_metadata.main_text_ranges
188,169,169,book_metadata.main_text_ranges
189,170,170,book_metadata.main_text_ranges
190,171,171,book_metadata.main_text_ranges
191,172,172,book_metadata.main_text_ranges
192,173,173,book_metadata.main_text_ranges
193,174,174,book_metadata.main_text_ranges
194,175,175,book_metadata.main_text_ranges
195,176,176,book_metadata.main_text_ranges
196,177,177,book_metadata.main_text_ranges
197,178,178,book_metadata.main_text_ranges
198,179,179,book_metadata.main_text_ranges
199,180,180,book_metadata.main_text_ranges
200,181,181,book_metadata.main_text_ranges
201,182,182,book_metadata.main_text_ranges
202,183,183,book_metadata.main_text_ranges
203,184,184,book_metadata.main_text_ranges
204,185,185,book_metadata.main_text_ranges
205,186,186,book_metadata.main_text_ranges
206,187,187,book_metadata.main_text_ranges
207,188,188,book_metadata.main_text_ranges
208,189,189,book_metadata.main_text_ranges
209,190,190,book_metadata.main_text_ranges
210,191,191,book_metadata.main_text_ranges
211,192,192,book_metadata.main_text_ranges
212,193,193,book_metadata.main_text_ranges
213,194,194,book_metadata.main_text_ranges
214,195,195,book_metadata.main_text_ranges
215,196,196,book_metadata.main_text_ranges
216,197,197,book_metadata.main_text_ranges
217,198,198,book_metadata.main_text_ranges
218,199,199,book_metadata.main_text_ranges
219,200,200,book_metadata.main_text_ranges
220,201,201,book_metadata.main_text_ranges
221,202,202,book_metadata.main_text_ranges
222,203,203,book_metadata.main_text_ranges
223,204,204,book_metadata.main_text_ranges
224,205,205,book_metadata.main_text_ranges
225,206,206,book_metadata.main_text_ranges
226,207,207,book_metadata.main_text_ranges
227,208,208,book_metadata.main_text_ranges
228,209,209,book_metadata.main_text_ranges
229,210,210,book_metadata.main_text_ranges
230,211,211,book_metadata.main_text_ranges
231,212,212,book_metadata.main_text_ranges
232,213,213,book_metadata.main_text_ranges
233,214,214,book_metadata.main_text_ranges
234,215,215,book_metadata.main_text_ranges
235,216,216,book_metadata.main_text_ranges
236,217,217,book_metadata.main_text_ranges
237,218,218,book_metadata.main_text_ranges
238,219,219,book_metadata.main_text_ranges
239,220,220,book_metadata.main_text_ranges
240,221,221,book_metadata.main_text_ranges
241,222,222,book_metadata.main_text_ranges
242,223,223,book_metadata.main_text_ranges
243,224,224,book_metadata.main_text_ranges
244,225,225,book_metadata.main_text_ranges
245,226,226,book_metadata.main_text_ranges
246,227,227,book_metadata.main_text_ranges
247,228,228,book_metadata.main_text_ranges
248,229,229,book_metadata.main_text_ranges
249,230,230,book_metadata.main_text_ranges
250,231,231,book_metadata.main_text_ranges
251,232,232,book_metadata.main_text_ranges
252,233,233,book_metadata.main_text_ranges
253,234,234,book_metadata.main_text_ranges
254,235,235,book_metadata.main_text_ranges
255,236,236,book_metadata.main_text_ranges
256,237,237,book_metadata.main_text_ranges
257,238,238,book_metadata.main_text_ranges
258,239,239,book_metadata.main_text_ranges
259,240,240,book_metadata.main_text_ranges
260,241,241,book_metadata.main_text_ranges
261,242,242,book_metadata.main_text_ranges
262,243,243,book_metadata.main_text_ranges
263,244,244,book_metadata.main_text_ranges
264,245,245,book_metadata.main_text_ranges
265,246,246,book_metadata.main_text_ranges
266,247,247,book_metadata.main_text_ranges
267,248,248,book_metadata.main_text_ranges
268,249,249,book_metadata.main_text_ranges
269,250,250,book_metadata.main_text_ranges
270,251,251,book_metadata.main_text_ranges
271,252,252,book_metadata.main_text_ranges
272,253,253,book_metadata.main_text_ranges
273,254,254,book_metadata.main_text_ranges
274,255,255,book_metadata.main_text_ranges
275,256,256,book_metadata.main_text_ranges
276,257,257,book_metadata.main_text_ranges
277,258,258,book_metadata.main_text_ranges
278,259,259,book_metadata.main_text_ranges
279,260,260,book_metadata.main_text_ranges
280,261,261,book_metadata.main_text_ranges
281,262,262,book_metadata.main_text_ranges
282,263,263,book_metadata.main_text_ranges
283,264,264,book_metadata.main_text_ranges
284,265,265,book_metadata.main_text_ranges
285,266,266,book_metadata.main_text_ranges
286,267,267,book_metadata.main_text_ranges
287,268,268,book_metadata.main_text_ranges
288,269,269,book_metadata.main_text_ranges
289,270,270,book_metadata.main_text_ranges
290,271,271,book_metadata.main_text_ranges
291,272,272,book_metadata.main_text_ranges
292,273,273,book_metadata.main_text_ranges
293,274,274,book_metadata.main_text_ranges
294,275,275,book_metadata.main_text_ranges
295,276,276,book_metadata.main_text_ranges
296,277,277,book_metadata.main_text_ranges
297,278,278,book_metadata.main_text_ranges
298,279,279,book_metadata.main_text_ranges
299,280,280,book_metadata.main_text_ranges
300,281,281,book_metadata.main_text_ranges
301,282,282,book_metadata.main_text_ranges
302,283,283,book_metadata.main_text_ranges
303,284,284,book_metadata.main_text_ranges
304,285,285,book_metadata.main_text_ranges
305,286,286,book_metadata.main_text_ranges
306,287,287,book_metadata.main_text_ranges
307,288,288,book_metadata.main_text_ranges
308,289,289,book_metadata.main_text_ranges
309,290,290,book_metadata.main_text_ranges
310,291,291,book_metadata.main_text_ranges
311,292,292,book_metadata.main_text_ranges
312,293,293,book_metadata.main_text_ranges
313,294,294,book_metadata.main_text_ranges
314,295,295,book_metadata.main_text_ranges
315,296,296,book_metadata.main_text_ranges
316,297,297,book_metadata.main_text_ranges
317,298,298,book_metadata.main_text_ranges
318,299,299,book_metadata.main_text_ranges
319,300,300,book_metadata.main_text_ranges
320,301,301,book_metadata.main_text_ranges
321,302,302,book_metadata.main_text_ranges
322,303,303,book_metadata.main_text_ranges
323,304,304,book_metadata.main_text_ranges
324,305,305,book_metadata.main_text_ranges
325,306,306,book_metadata.main_text_ranges
326,307,307,book_metadata.main_text_ranges
327,308,308,book_metadata.main_text_ranges
328,309,309,book_metadata.main_text_ranges
329,310,310,book_metadata.main_text_ranges
330,311,311,book_metadata.main_text_ranges
331,312,312,book_metadata.main_text_ranges
332,313,313,book_metadata.main_text_ranges
333,314,314,book_metadata.main_text_ranges
334,315,315,book_metadata.main_text_ranges
335,316,316,book_metadata.main_text_ranges
336,317,317,book_metadata.main_text_ranges
337,318,318,book_metadata.main_text_ranges
338,319,319,book_metadata.main_text_ranges
339,320,320,book_metadata.main_text_ranges
340,321,321,book_metadata.main_text_ranges
341,322,322,book_metadata.main_text_ranges
342,323,323,book_metadata.main_text_ranges
343,324,324,book_metadata.main_text_ranges
344,325,325,book_metadata.main_text_ranges
345,326,326,book_metadata.main_text_ranges
346,327,327,book_metadata.main_text_ranges
347,328,328,book_metadata.main_text_ranges
348,329,329,book_metadata.main_text_ranges
349,330,330,book_metadata.main_text_ranges
350,331,331,book_metadata.main_text_ranges
351,332,332,book_metadata.main_text_ranges
352,333,333,book_metadata.main_text_ranges
353,334,334,book_metadata.main_text_ranges
354,335,335,book_metadata.main_text_ranges
355,336,336,book_metadata.main_text_ranges
356,337,337,book_metadata.main_text_ranges
357,338,338,book_metadata.main_text_ranges
358,339,339,book_metadata.main_text_ranges
359,340,340,book_metadata.main_text_ranges
360,341,341,book_metadata.main_text_ranges
361,342,342,book_metadata.main_text_ranges
362,343,343,book_metadata.main_text_ranges
363,344,344,book_metadata.main_text_ranges
364,345,345,book_metadata.main_text_ranges
365,346,346,book_metadata.main_text_ranges
366,347,347,book_metadata.main_text_ranges
367,348,348,book_metadata.main_text_ranges
368,349,349,book_metadata.main_text_ranges
369,350,350,book_metadata.main_text_ranges
370,351,351,book_metadata.main_text_ranges
371,352,352,book_metadata.main_text_ranges
372,353,353,book_metadata.main_text_ranges
373,354,354,book_metadata.main_text_ranges
374,355,355,book_metadata.main_text_ranges
375,356,356,book_metadata.main_text_ranges
376,357,357,book_metadata.main_text_ranges
377,358,358,book_metadata.main_text_ranges
378,359,359,book_metadata.main_text_ranges
379,360,360,book_metadata.main_text_ranges
380,361,361,book_metadata.main_text_ranges
381,362,362,book_metadata.main_text_ranges
382,363,363,book_metadata.main_text_ranges
383,364,364,book_metadata.main_text_ranges
384,365,365,book_metadata.main_text_ranges
385,366,366,book_metadata.main_text_ranges
386,367,367,book_metadata.main_text_ranges
387,368,368,book_metadata.main_text_ranges
388,369,369,book_metadata.main_text_ranges
389,370,370,book_metadata.main_text_ranges
390,371,371,book_metadata.main_text_ranges
391,372,372,book_metadata.main_text_ranges
392,373,373,book_metadata.main_text_ranges
393,374,374,book_metadata.main_text_ranges
394,375,375,book_metadata.main_text_ranges
395,376,376,book_metadata.main_text_ranges
396,377,377,book_metadata.main_text_ranges
397,378,378,book_metadata.main_text_ranges
398,379,379,book_metadata.main_text_ranges
399,380,380,book_metadata.main_text_ranges
400,381,381,book_metadata.main_text_ranges
401,382,382,book_metadata.main_text_ranges
402,383,383,book_metadata.main_text_ranges
403,384,384,book_metadata.main_text_ranges
404,385,385,book_metadata.main_text_ranges
405,386,386,book_metadata.main_text_ranges
406,387,387,book_metadata.main_text_ranges
407,388,388,book_metadata.main_text_ranges
408,389,389,book_metadata.main_text_ranges
409,390,390,book_metadata.main_text_ranges
410,391,391,book_metadata.main_text_ranges
411,392,392,book_metadata.main_text_ranges
412,393,393,book_metadata.main_text_ranges
413,394,394,book_metadata.main_text_ranges
414,395,395,book_metadata.main_text_ranges
415,396,396,book_metadata.main_text_ranges
416,397,397,book_metadata.main_text_ranges
417,398,398,book_metadata.main_text_ranges
418,399,399,book_metadata.main_text_ranges
419,400,400,book_metadata.main_text_ranges
420,401,401,book_metadata.main_text_ranges
421,402,402,book_metadata.main_text_ranges
422,403,403,book_metadata.main_text_ranges
423,404,404,book_metadata.main_text_ranges
424,405,405,book_metadata.main_text_ranges
425,406,406,book_metadata.main_text_ranges
426,407,407,book_metadata.main_text_ranges
427,408,408,book_metadata.main_text_ranges
428,409,409,book_metadata.main_text_ranges
429,410,410,book_metadata.main_text_ranges
430,411,411,book_metadata.main_text_ranges
431,412,412,book_metadata.main_text_ranges
432,413,413,book_metadata.main_text_ranges
433,414,414,book_metadata.main_text_ranges
434,415,415,book_metadata.main_text_ranges
435,416,416,book_metadata.main_text_ranges
436,417,417,book_metadata.main_text_ranges
437,418,418,book_metadata.main_text_ranges
438,419,419,book_metadata.main_text_ranges
439,420,420,book_metadata.main_text_ranges
440,421,421,book_metadata.main_text_ranges
441,422,422,book_metadata.main_text_ranges
442,423,423,book_metadata.main_text_ranges
